config,width,theme_attr,font_attr,locale_heading,overflow_px,overflowing_elements,text_lt_12px,details_open
ru-dark-current,1440,dark,current,загрузить документ,0,0,0,true
ru-dark-current,1024,dark,current,загрузить документ,0,0,0,true
ru-dark-current,768,dark,current,загрузить документ,0,0,0,true
ru-dark-current,390,dark,current,загрузить документ,0,0,0,true
ru-dark-current,320,dark,current,загрузить документ,0,0,0,true
ru-light-current,1440,light,current,загрузить документ,0,0,0,true
ru-light-current,1024,light,current,загрузить документ,0,0,0,true
ru-light-current,768,light,current,загрузить документ,0,0,0,true
ru-light-current,390,light,current,загрузить документ,0,0,0,true
ru-light-current,320,light,current,загрузить документ,0,0,0,true
ru-pday-current,1440,paradise,current,загрузить документ,0,0,0,true
ru-pday-current,1024,paradise,current,загрузить документ,0,0,0,true
ru-pday-current,768,paradise,current,загрузить документ,0,0,0,true
ru-pday-current,390,paradise,current,загрузить документ,0,0,0,true
ru-pday-current,320,paradise,current,загрузить документ,0,0,0,true
ru-pnight-current,1440,paradise,current,загрузить документ,0,0,0,true
ru-pnight-current,1024,paradise,current,загрузить документ,0,0,0,true
ru-pnight-current,768,paradise,current,загрузить документ,0,0,0,true
ru-pnight-current,390,paradise,current,загрузить документ,0,0,0,true
ru-pnight-current,320,paradise,current,загрузить документ,0,0,0,true
ru-dark-dejavu,1440,dark,dejavu,загрузить документ,0,0,0,true
ru-dark-dejavu,1024,dark,dejavu,загрузить документ,0,0,0,true
ru-dark-dejavu,768,dark,dejavu,загрузить документ,0,0,0,true
ru-dark-dejavu,390,dark,dejavu,загрузить документ,0,0,0,true
ru-dark-dejavu,320,dark,dejavu,загрузить документ,0,0,0,true
ru-light-dejavu,1440,light,dejavu,загрузить документ,0,0,0,true
ru-light-dejavu,1024,light,dejavu,загрузить документ,0,0,0,true
ru-light-dejavu,768,light,dejavu,загрузить документ,0,0,0,true
ru-light-dejavu,390,light,dejavu,загрузить документ,0,0,0,true
ru-light-dejavu,320,light,dejavu,загрузить документ,0,0,0,true
ru-pday-dejavu,1440,paradise,dejavu,загрузить документ,0,0,0,true
ru-pday-dejavu,1024,paradise,dejavu,загрузить документ,0,0,0,true
ru-pday-dejavu,768,paradise,dejavu,загрузить документ,0,0,0,true
ru-pday-dejavu,390,paradise,dejavu,загрузить документ,0,0,0,true
ru-pday-dejavu,320,paradise,dejavu,загрузить документ,0,0,0,true
ru-pnight-dejavu,1440,paradise,dejavu,загрузить документ,0,0,0,true
ru-pnight-dejavu,1024,paradise,dejavu,загрузить документ,0,0,0,true
ru-pnight-dejavu,768,paradise,dejavu,загрузить документ,0,0,0,true
ru-pnight-dejavu,390,paradise,dejavu,загрузить документ,0,0,0,true
ru-pnight-dejavu,320,paradise,dejavu,загрузить документ,0,0,0,true
uk-dark-current,1440,dark,current,завантажити документ,0,0,0,true
uk-dark-current,1024,dark,current,завантажити документ,0,0,0,true
uk-dark-current,768,dark,current,завантажити документ,0,0,0,true
uk-dark-current,390,dark,current,завантажити документ,0,0,0,true
uk-dark-current,320,dark,current,завантажити документ,0,0,0,true
uk-light-current,1440,light,current,завантажити документ,0,0,0,true
uk-light-current,1024,light,current,завантажити документ,0,0,0,true
uk-light-current,768,light,current,завантажити документ,0,0,0,true
uk-light-current,390,light,current,завантажити документ,0,0,0,true
uk-light-current,320,light,current,завантажити документ,0,0,0,true
uk-pday-current,1440,paradise,current,завантажити документ,0,0,0,true
uk-pday-current,1024,paradise,current,завантажити документ,0,0,0,true
uk-pday-current,768,paradise,current,завантажити документ,0,0,0,true
uk-pday-current,390,paradise,current,завантажити документ,0,0,0,true
uk-pday-current,320,paradise,current,завантажити документ,0,0,0,true
uk-pnight-current,1440,paradise,current,завантажити документ,0,0,0,true
uk-pnight-current,1024,paradise,current,завантажити документ,0,0,0,true
uk-pnight-current,768,paradise,current,завантажити документ,0,0,0,true
uk-pnight-current,390,paradise,current,завантажити документ,0,0,0,true
uk-pnight-current,320,paradise,current,завантажити документ,0,0,0,true
uk-dark-dejavu,1440,dark,dejavu,завантажити документ,0,0,0,true
uk-dark-dejavu,1024,dark,dejavu,завантажити документ,0,0,0,true
uk-dark-dejavu,768,dark,dejavu,завантажити документ,0,0,0,true
uk-dark-dejavu,390,dark,dejavu,завантажити документ,0,0,0,true
uk-dark-dejavu,320,dark,dejavu,завантажити документ,0,0,0,true
uk-light-dejavu,1440,light,dejavu,завантажити документ,0,0,0,true
uk-light-dejavu,1024,light,dejavu,завантажити документ,0,0,0,true
uk-light-dejavu,768,light,dejavu,завантажити документ,0,0,0,true
uk-light-dejavu,390,light,dejavu,завантажити документ,0,0,0,true
uk-light-dejavu,320,light,dejavu,завантажити документ,0,0,0,true
uk-pday-dejavu,1440,paradise,dejavu,завантажити документ,0,0,0,true
uk-pday-dejavu,1024,paradise,dejavu,завантажити документ,0,0,0,true
uk-pday-dejavu,768,paradise,dejavu,завантажити документ,0,0,0,true
uk-pday-dejavu,390,paradise,dejavu,завантажити документ,0,0,0,true
uk-pday-dejavu,320,paradise,dejavu,завантажити документ,0,0,0,true
uk-pnight-dejavu,1440,paradise,dejavu,завантажити документ,0,0,0,true
uk-pnight-dejavu,1024,paradise,dejavu,завантажити документ,0,0,0,true
uk-pnight-dejavu,768,paradise,dejavu,завантажити документ,0,0,0,true
uk-pnight-dejavu,390,paradise,dejavu,завантажити документ,0,0,0,true
uk-pnight-dejavu,320,paradise,dejavu,завантажити документ,0,0,0,true
