screen,width,configs,configs_with_horizontal_overflow,configs_with_text_under_12px
settings/security,1440,16,0,0
settings/security,1024,16,0,0
settings/security,768,16,0,0
settings/security,390,16,0,0
settings/security,320,16,0,0
home,1440,4,0,4
finances,1440,4,0,0
settings/monobank,1440,4,0,0
settings/export+legacy,1440,4,0,0
settings/categories,1440,4,0,0
dog,1440,4,0,0
home,1024,4,0,4
finances,1024,4,0,0
settings/monobank,1024,4,0,0
settings/export+legacy,1024,4,0,0
settings/categories,1024,4,0,0
dog,1024,4,0,0
home,768,4,0,4
finances,768,4,0,0
settings/monobank,768,4,0,0
settings/export+legacy,768,4,0,0
settings/categories,768,4,0,0
dog,768,4,0,0
home,390,4,0,4
finances,390,4,0,0
settings/monobank,390,4,0,0
settings/export+legacy,390,4,0,0
settings/categories,390,4,0,0
dog,390,4,0,0
home,320,4,0,4
finances,320,4,0,0
settings/monobank,320,4,0,0
settings/export+legacy,320,4,0,0
settings/categories,320,4,0,0
dog,320,4,0,0
